{
  "center_lat": 41.42092791048775,
  "center_lon": -123.277850668437,
  "bounds": {
    "west": -123.46185682194732,
    "south": 41.28294731400913,
    "east": -123.09384451492667,
    "north": 41.55890850696637
  }
}