{
  "center_lat": 42.53172499215725,
  "center_lon": -110.93712833180899,
  "bounds": {
    "west": -111.12437220133877,
    "south": 42.39374439567863,
    "east": -110.74988446227921,
    "north": 42.66970558863587
  }
}