{
  "center_lat": 41.544551319935195,
  "center_lon": -123.5628795281435,
  "bounds": {
    "west": -123.74723705584053,
    "south": 41.406570723456575,
    "east": -123.37852200044647,
    "north": 41.682531916413815
  }
}