{
  "center_lat": 43.606697499741045,
  "center_lon": -107.8357579523,
  "bounds": {
    "west": -108.02631487109493,
    "south": 43.468716903262425,
    "east": -107.64520103350507,
    "north": 43.744678096219666
  }
}