{
  "center_lat": 41.30535022023505,
  "center_lon": -116.8816917159725,
  "bounds": {
    "west": -117.06537134494874,
    "south": 41.16736962375643,
    "east": -116.69801208699624,
    "north": 41.44333081671367
  }
}