{
  "center_lat": 38.6257965458711,
  "center_lon": -122.51744653924851,
  "bounds": {
    "west": -122.69406407625522,
    "south": 38.48781594939248,
    "east": -122.3408290022418,
    "north": 38.76377714234972
  }
}