{
  "center_lat": 35.1279893262808,
  "center_lon": -120.17990274268499,
  "bounds": {
    "west": -120.34861025286585,
    "south": 34.99000872980218,
    "east": -120.01119523250412,
    "north": 35.26596992275942
  }
}