{
  "center_lat": 35.58178874800965,
  "center_lon": -102.18336642840549,
  "bounds": {
    "west": -102.35302462938056,
    "south": 35.44380815153103,
    "east": -102.01370822743043,
    "north": 35.71976934448827
  }
}