{
  "center_lat": 44.41467520559205,
  "center_lon": -121.40646681284551,
  "bounds": {
    "west": -121.59963755561448,
    "south": 44.27669460911343,
    "east": -121.21329607007654,
    "north": 44.55265580207067
  }
}