{
  "center_lat": 46.71432866248895,
  "center_lon": -112.853662578793,
  "bounds": {
    "west": -113.05490716104336,
    "south": 46.57634806601033,
    "east": -112.65241799654265,
    "north": 46.85230925896757
  }
}