{
  "center_lat": 33.6687118399843,
  "center_lon": -110.21078151941501,
  "bounds": {
    "west": -110.37657237298436,
    "south": 33.53073124350568,
    "east": -110.04499066584566,
    "north": 33.80669243646292
  }
}