{
  "center_lat": 43.7113230635001,
  "center_lon": -105.599545929,
  "bounds": {
    "west": -105.79043518739337,
    "south": 43.57334246702148,
    "east": -105.40865667060663,
    "north": 43.84930365997872
  }
}