{
  "center_lat": 39.9956003990255,
  "center_lon": -107.695115893815,
  "bounds": {
    "west": -107.87522516590619,
    "south": 39.85761980254688,
    "east": -107.51500662172381,
    "north": 40.13358099550412
  }
}