{
  "center_lat": 37.6154310000189,
  "center_lon": -80.0367340000561,
  "bounds": {
    "west": -80.21092436911793,
    "south": 37.47745040354028,
    "east": -79.86254363099427,
    "north": 37.75341159649752
  }
}