{
  "center_lat": 46.0344184486996,
  "center_lon": -115.3950543266825,
  "bounds": {
    "west": -115.59380886956178,
    "south": 45.89643785222098,
    "east": -115.19629978380321,
    "north": 46.17239904517822
  }
}