{
  "center_lat": 40.80953430796515,
  "center_lon": -110.71176665018001,
  "bounds": {
    "west": -110.89406694306201,
    "south": 40.67155371148653,
    "east": -110.529466357298,
    "north": 40.94751490444377
  }
}