{
  "center_lat": 47.6751743904679,
  "center_lon": -120.451000179547,
  "bounds": {
    "west": -120.65592198204209,
    "south": 47.53719379398928,
    "east": -120.2460783770519,
    "north": 47.81315498694652
  }
}