{
  "center_lat": 41.50945494387755,
  "center_lon": -116.23984818140599,
  "bounds": {
    "west": -116.42410573129843,
    "south": 41.37147434739893,
    "east": -116.05559063151355,
    "north": 41.64743554035617
  }
}