{
  "center_lat": 42.69464244391075,
  "center_lon": -123.9533271135185,
  "bounds": {
    "west": -124.14106143429187,
    "south": 42.55666184743213,
    "east": -123.76559279274512,
    "north": 42.83262304038937
  }
}