{
  "center_lat": 45.984905034669254,
  "center_lon": -107.352743199031,
  "bounds": {
    "west": -107.55131990071622,
    "south": 45.846924438190634,
    "east": -107.15416649734577,
    "north": 46.122885631147874
  }
}