{
  "center_lat": 48.86236458906275,
  "center_lon": -117.8250242419365,
  "bounds": {
    "west": -118.03476260574375,
    "south": 48.72438399258413,
    "east": -117.61528587812926,
    "north": 49.00034518554137
  }
}