{
  "center_lat": 36.95459656071155,
  "center_lon": -119.077743435065,
  "bounds": {
    "west": -119.25041080664417,
    "south": 36.81661596423293,
    "east": -118.90507606348584,
    "north": 37.09257715719017
  }
}