{
  "center_lat": 43.2988450998561,
  "center_lon": -109.9170785800705,
  "bounds": {
    "west": -110.10666794596602,
    "south": 43.16086450337748,
    "east": -109.72748921417497,
    "north": 43.43682569633472
  }
}