{
  "center_lat": 46.38959300000005,
  "center_lon": -119.580626,
  "bounds": {
    "west": -119.78067004895043,
    "south": 46.25161240352143,
    "east": -119.38058195104956,
    "north": 46.52757359647867
  }
}