{
  "center_lat": 36.413336053500046,
  "center_lon": -112.02172145349999,
  "bounds": {
    "west": -112.19317796460855,
    "south": 36.275355457021426,
    "east": -111.85026494239143,
    "north": 36.551316649978666
  }
}