{
  "center_lat": 32.9966106829455,
  "center_lon": -110.2385700001665,
  "bounds": {
    "west": -110.40308667882225,
    "south": 32.85863008646688,
    "east": -110.07405332151076,
    "north": 33.13459127942412
  }
}