{
  "center_lat": 33.8005412892913,
  "center_lon": -110.9092851433315,
  "bounds": {
    "west": -111.07533092906765,
    "south": 33.66256069281268,
    "east": -110.74323935759536,
    "north": 33.93852188576992
  }
}