{
  "center_lat": 46.9697286222401,
  "center_lon": -114.3434969983135,
  "bounds": {
    "west": -114.54570054068785,
    "south": 46.83174802576148,
    "east": -114.14129345593915,
    "north": 47.10770921871872
  }
}